{
  "schema_version": 1,
  "selection_method": "deterministic_weighted_hard_replay",
  "source_train_records": 269,
  "hard_replay_records": 135,
  "continuation_train_records": 404,
  "replay_ratio": 0.665842,
  "hard_replay_ratio": 0.334158,
  "hard_validation_records": 16,
  "hard_feature_counts": {
    "long_document": 12,
    "multi_cargo": 135,
    "multi_equipment": 135,
    "ocr_alphanumeric_noise": 135,
    "turkish": 29
  },
  "hard_record_hashes": [
    "10007760f2dbbbb18fddb6b994a48955242e0c2c824df49953490959abac353d",
    "17715a312cf869aff962a674fc3dd2c7f28883c9731b0e4a1f4ac6e996c3122f",
    "17715a312cf869aff962a674fc3dd2c7f28883c9731b0e4a1f4ac6e996c3122f",
    "3eac528c7eecd8deaa9c70e06537c8465d400937922e438cd4e42468e723a499",
    "3eac528c7eecd8deaa9c70e06537c8465d400937922e438cd4e42468e723a499",
    "3eac528c7eecd8deaa9c70e06537c8465d400937922e438cd4e42468e723a499",
    "3eac528c7eecd8deaa9c70e06537c8465d400937922e438cd4e42468e723a499",
    "3eac528c7eecd8deaa9c70e06537c8465d400937922e438cd4e42468e723a499",
    "3eac528c7eecd8deaa9c70e06537c8465d400937922e438cd4e42468e723a499",
    "490ab0b481de70c26a57703ed2438258a7ceaf67f567c11f77a6392b06f05ad0",
    "4e11ec07110d4bf01c2768c8212effefd4b6f4f422250514b41d06fdee3db997",
    "4e11ec07110d4bf01c2768c8212effefd4b6f4f422250514b41d06fdee3db997",
    "50e33ad2676cbcd181969a5172ad9389476cab0e9a325d46921529fa59ba4efd",
    "50e33ad2676cbcd181969a5172ad9389476cab0e9a325d46921529fa59ba4efd",
    "6dcc829bd7fa26140a79f18c4446bc88a2fdbebfdbe66a7feba2dfbeacdee2fa",
    "6dcc829bd7fa26140a79f18c4446bc88a2fdbebfdbe66a7feba2dfbeacdee2fa",
    "7b642922da89286f6b9d68341d7db7eee868415d2206f0485dd6c92665b0b952",
    "7b642922da89286f6b9d68341d7db7eee868415d2206f0485dd6c92665b0b952",
    "7bd7cbfa3ae8ced19e66c7c0f92ff95731d48aa5592c7d12da81e8e282be5e78",
    "7bd7cbfa3ae8ced19e66c7c0f92ff95731d48aa5592c7d12da81e8e282be5e78",
    "7bd7cbfa3ae8ced19e66c7c0f92ff95731d48aa5592c7d12da81e8e282be5e78",
    "8812568cfcbeba301d838b103e1c0b2302a54850153d46b60a9df071dcc39ef4",
    "8812568cfcbeba301d838b103e1c0b2302a54850153d46b60a9df071dcc39ef4",
    "8cd22fd03708c0843ef3d521608f21dcc9636a42225e07c965b3a269bb86d0e8",
    "99035fad49e74421daae0f98baaea0b033d90f77342f957d0a5de7f959fa14aa",
    "ac455850e49744b780fa438404e94b664dc3075175b0cd8fad10e61d779eea82",
    "d5d9dd2919fbdf11eb33c4d32c5c6891ecf4d83f6ff1422d26ae90726c906951",
    "f6d6b20765b4b24cb5cceb2319bdd34328016443278d747609bb30b9210e5ae3",
    "f6d6b20765b4b24cb5cceb2319bdd34328016443278d747609bb30b9210e5ae3",
    "027aaa5350a8184d1a2774882f1ce9a4ed4c7d38345de98e1a54d4bca2b4db93",
    "0511e6c8cab7f3643ab9fb633f7a8524f97ef24893cbe40098ecd881ea9e5806",
    "155137796247afb557775033d276c948096cca1ad9dcc1da609d323a7046da7d",
    "1c0d10ffaa419e795db1290ea467ef44e6d8832e3ea73cd954406beb4a59942e",
    "1e645ec602c51b8e9b87ee0b52edac80b752a4f7fc07f7d0f42bca3a9fbb2279",
    "37ef384d1bc691ae692dcc053c3d3faca95edff9f82ef1606ba3e759a5737370",
    "37ef384d1bc691ae692dcc053c3d3faca95edff9f82ef1606ba3e759a5737370",
    "3db291359a9c73675bd256d6b6db232944d65b79855346cf53b1fffa8f9d9342",
    "557ca1fd45242b814190bff0edceb8273f4d0a6a426b715d3af7131107dd45d0",
    "8de99db590944d44ebbd0ad31c0d06c83a94b53c82a90c2b426cdf70cc128db5",
    "d4975dcf65747a3c79fc0e61043d55321bf153ae535f18aed71a414243aa24dd",
    "e18c98b80510cf50a47c9e023074e2aef7a7f5e4dc9d0816bfa145ad68bf00b2",
    "04dee21e229b2bfbc6027ece8fae06243e20c67ce2979c0067f0d934501b1ad0",
    "050492c6624d10f36fffc94fce03872eb0331a7376116dcdd76fac9ba7d9455a",
    "0735f944ed95dddeccf989ced9464843929ad5ec8b541af6a5ecfa29f284b87c",
    "09996a8cef23f13bbc4eca235b1ad5d844a4bece3284c4b4b313fedd1fbbf522",
    "0ca7a9af0aa28309231a872fe16167b587343de7079aef65e52974a3c8c71675",
    "0ca7a9af0aa28309231a872fe16167b587343de7079aef65e52974a3c8c71675",
    "134915c40487e22e724f7f5940992cc54495404695ed659a1a66758cc748fbbb",
    "134915c40487e22e724f7f5940992cc54495404695ed659a1a66758cc748fbbb",
    "1692ecb921b623c02d84fa26dbd1d74f97e49a30112b1e8f06534b916e77014a",
    "1692ecb921b623c02d84fa26dbd1d74f97e49a30112b1e8f06534b916e77014a",
    "1b25e42584190d4e8f1b2601ee46ab8a29b1b8dcc51bd6eb26779949a6870af7",
    "1b25e42584190d4e8f1b2601ee46ab8a29b1b8dcc51bd6eb26779949a6870af7",
    "21455a8ed40826e7a06efe8fb5b371f20c1cbf21919951e3613dbb39fe9386a0",
    "22d0b063583b228dd04b969e9247b0bd41af8e618510757232baff5a0d286404",
    "22d0b063583b228dd04b969e9247b0bd41af8e618510757232baff5a0d286404",
    "28ba6c644971c587959e51c9b65f73760b2b73bccf2ed75bf506bfa9e02a5d08",
    "2a14c061c1a66be24d5c8ff1f9c42f71ddcc99870a8f82b5195997788dd2ff80",
    "34182d417d2c22fc7f47edfa63ed78e920ce2408d79e8435cebb295da4c6c0a5",
    "3660dd166c8ce3f55d77f9e6e79f259748b4df9b5369d7fd9bf5f4179db12449",
    "3724f4c1b593f4f53aa25462a6ee3c42cbd96f17b753c58e7fbd59fabbec11dc",
    "37874015b1f2fd25a91eda596101c40f547fd4967803f4351a23569e4c3fa0a8",
    "37874015b1f2fd25a91eda596101c40f547fd4967803f4351a23569e4c3fa0a8",
    "379b1b30fe9b6a40ee98393b0ca91155bf434697d21f1f80fe5bee3afc920543",
    "379b1b30fe9b6a40ee98393b0ca91155bf434697d21f1f80fe5bee3afc920543",
    "37dc3aa5b8e5677710b178780b518844e62e2c56d0d59164c1a1e357e80aa363",
    "383fcc2ef2041d62e7d065141186775b586c623295a427d6809e19e3e2da8a0a",
    "383fcc2ef2041d62e7d065141186775b586c623295a427d6809e19e3e2da8a0a",
    "4479193fb799b477da0164388e92568cb372df29199fa10bf48acde0fc0c8f53",
    "479852a176811fb6326071e0c6a0870e85760e6673a1c319ce55e92112e0070d",
    "47fb64c4996ab69e6779b28c0ea90b16b3a1aff9ce7701be384a42ccd9cb70bd",
    "49a70731629636ba9edeae48661eb91fa1cabec4cbff4023bb3578f3517d3d74",
    "49a70731629636ba9edeae48661eb91fa1cabec4cbff4023bb3578f3517d3d74",
    "4aba5d8127f0085581c095814700ec8eefbcfa2a1cb9b4f7ef285ad9dfd75335",
    "4ee13968aedab1596a7341f6c9486cd0c13d4c0bf3136db54e5b48f53e789e16",
    "50d039202a99be3260de522ac1c5dbd61000dd429b2a7ff5d435cafceb8efa42",
    "530f93fecfa33b19740350a6f056ce84e8358e2f574e0b09c380a03fa4be8f9c",
    "5b14f6d8f05236c63a3fe0beb34768eb7669a3c6d541f48f0f822c80da6a3e79",
    "60ac26156cf2a3ccaf53e2baea62b9bbdb920b6924fd41d1ac362c665ae9e0e8",
    "643e4e5d10a6fab1fdda51bddcc892278671a2c46a5c6d88cc6adb52930ebede",
    "67873ab7ff39c726c118f830fb07fa39bdcd3820fbdb4ac0bdcc35dc8692eb39",
    "67873ab7ff39c726c118f830fb07fa39bdcd3820fbdb4ac0bdcc35dc8692eb39",
    "6949bd1d9c7370389be05b76c6227e85b380d192f66e294cbbcc4cea66519a7c",
    "6949bd1d9c7370389be05b76c6227e85b380d192f66e294cbbcc4cea66519a7c",
    "6b82f50444eee927ce8c44ec420761dc4a2ccaa4ee0f9f66dc7685de9c4e17f4",
    "6d10b0ae7116417caaf2904c4d843d6d83a96db725ad7a7179d7e19c0deaf0ce",
    "6d10b0ae7116417caaf2904c4d843d6d83a96db725ad7a7179d7e19c0deaf0ce",
    "6d10b0ae7116417caaf2904c4d843d6d83a96db725ad7a7179d7e19c0deaf0ce",
    "6f309696373c805b01011cfce1b36ae73ef23f4bf3491f5a8ac718901221b17c",
    "734436c8b27235222e0045c09e9e0d8b5edb5494bee27e4fd2e0a787baf3b0fb",
    "78d9c36361c482568f67cd706d462db919bcfa81714148278a06969046f0b9a4",
    "7a06a162d2abfb8093ea8c31dd786adebc0bb6fb78d423e7cc9c0d499ddcba6e",
    "7a06a162d2abfb8093ea8c31dd786adebc0bb6fb78d423e7cc9c0d499ddcba6e",
    "7ecdc7924f5314888b8c4c86e3b47ae1c292e9e188608c203fd7029353fcde1f",
    "8584172c32ce28617355ad5e87e5c3a27e67e25b1be31aaa12ed54c59b1869b9",
    "85b0fa9ef85295c84650461c544bca0c567800732226547d7a67fed0b1824515",
    "85b0fa9ef85295c84650461c544bca0c567800732226547d7a67fed0b1824515",
    "85b0fa9ef85295c84650461c544bca0c567800732226547d7a67fed0b1824515",
    "8ccbf074795ed0c9f67a205e0ce94e9227f282627552ae12b40a02d0901017ae",
    "8ccbf074795ed0c9f67a205e0ce94e9227f282627552ae12b40a02d0901017ae",
    "8ccbf074795ed0c9f67a205e0ce94e9227f282627552ae12b40a02d0901017ae",
    "8ccbf074795ed0c9f67a205e0ce94e9227f282627552ae12b40a02d0901017ae",
    "8dfe03e830e48c3777bbda5eb25d4352060786b857edbed9d29a93f28cb6bcb9",
    "8fca9aa6a121c347064cbd5548d55ac9aec9072188105ede5217595bcb870e24",
